ID,CGMH.Site,Diagnosis.date,Age,Stage,OS.event,OS.month,SNV,Indel,TMB,MS.Group,SCNA.cluster,ARID1A,PIK3CA,KRAS,PPP2R1A,TP53,ATM,CHD4,PIK3R1,ARID1B,CREBBP,KMT2C,MUC16,NFE2L2,SPOP,MSH2,MSH6,TERT,BG.ploidy,Tumor.ploidy,CCF,GII,LOH,GD.status
OCCC-102,LK,2018/5/18,66,IIIC,1,1.9,48,7,55,Unclassified,1,Q372Sfs*19;Q575Pfs*48,E545K,Wild type,Wild type,Wild type,Wild type,Wild type,Wild type,Wild type,C1421F,Wild type,Wild type,Wild type,Wild type,Wild type,Wild type,UTR5,2,1.8,0.55,0.0551,0.0557,nGD
OCCC-083,LK,2017/7/7,37,IIIC,1,8.5,120,3,123,APOBEC,1,P94Rfs*5;Q1066X,R555K;H1047R,Wild type,Wild type,Wild type,Wild type,Wild type,Wild type,Wild type,Wild type,E4617K;S1557X,Wild type,Wild type,Wild type,Wild type,Wild type,UTR5,2,1.8,0.1,0.2412,0.1376,nGD
OCCC-119,LK,2019/10/16,48,IC,0,27.9,64,5,69,Unclassified,2,L299Cfs*65,E542K,Wild type,Wild type,Wild type,Wild type,Wild type,Wild type,Wild type,Wild type,Wild type,Wild type,Wild type,Wild type,Wild type,Wild type,upstream,4,3.7,0.46,0.5198,0.0147,GD
OCCC-335,KS,2019/1/10,53,IC,1,26.8,58,2,60,Unclassified,2,E2058X,H1047R,Wild type,Wild type,Wild type,Wild type,Wild type,Wild type,Wild type,Wild type,Wild type,Wild type,Wild type,Wild type,Wild type,Wild type,UTR5,4,3.9,0.74,0.4149,0.0546,GD
OCCC-342,KS,2019/5/28,54,IC,0,26.5,48,5,53,Unclassified,1,P559Lfs*60,E545A,G12D,Wild type,Wild type,Wild type,Wild type,Wild type,Wild type,Wild type,Wild type,Wild type,N513D,Wild type,Wild type,Wild type,Wild type,2,1,0.1,0.198,0.0531,nGD
OCCC-177,LK,2021/7/19,41,IC,0,11.3,44,5,49,Unclassified,1,Y500Lfs*123;A2234Gfs*44,H1047R,G12V,Wild type,Wild type,Wild type,Wild type,Wild type,Wild type,Wild type,Wild type,Wild type,Wild type,Wild type,Wild type,Wild type,Wild type,2,2,0.15,0.2734,0.1226,nGD
OCCC-162,LK,2020/11/20,51,IIIA,0,13.7,31,3,34,Unclassified,1,Q393X,H1047_H1048delinsRR,G12A,Wild type,Wild type,Wild type,Wild type,Wild type,Wild type,Wild type,Wild type,Wild type,Wild type,Wild type,Wild type,Wild type,Wild type,2,1.8,0.42,0.055,0.0539,nGD
OCCC-073,LK,2017/2/15,45,IC,0,59.2,23,1,24,Unclassified,1,R1276X,H1047L,Wild type,R183W,Wild type,Q2414X,Wild type,Wild type,Wild type,Wild type,E1495X,Wild type,Wild type,Wild type,Wild type,Wild type,Wild type,2,1.9,0.5,0.1964,0.0869,nGD
OCCC-112,LK,2018/10/3,46,IA,0,35.8,401,120,521,MMR,1,A134Rfs*98;S2126N,E542G,Wild type,R183W,Wild type,Wild type,Wild type,Wild type,Q1183Sfs*15,Wild type,R1730H,G3467R,Wild type,Wild type,R534Vfs*9,G1105Wfs*3,Wild type,2,1.9,0.5,0.011,0.0116,nGD
OCCC-072,LK,2017/1/18,39,IC,1,31.3,56,4,60,Unclassified,1,(splicing),N345K,Wild type,R183W,Wild type,Wild type,Wild type,Wild type,Wild type,Wild type,Wild type,Wild type,Wild type,Wild type,Wild type,Wild type,Wild type,2,2,0.34,0.5133,0.3501,nGD
OCCC-043,LK,2016/4/26,48,IIIC,1,41.3,50,0,50,Unclassified,1,K389X,E545K,Wild type,R183W,Wild type,Wild type,Wild type,Wild type,Wild type,Wild type,Wild type,Wild type,Wild type,Wild type,Wild type,Wild type,Wild type,2,2,0.62,0.1039,0.1032,nGD
OCCC-325,KS,2018/3/27,51,IC,0,40.1,37,8,45,Unclassified,1,Y752X;M1205*,H1047R,Wild type,R183Q,Wild type,Wild type,Wild type,Wild type,Wild type,Wild type,Wild type,Wild type,Wild type,Wild type,Wild type,Wild type,Wild type,2,1.9,0.75,0.073,0.0541,nGD
OCCC-098,LK,2018/2/26,50,IA,0,46.8,28,3,31,Unclassified,3,E1780Kfs*2,H1047L,Wild type,R183W,Wild type,Wild type,Wild type,Wild type,Wild type,Wild type,Wild type,Wild type,Wild type,Wild type,Wild type,Wild type,Wild type,2,1.9,0.43,0.3769,0.2759,nGD
OCCC-333,KS,2019/1/23,43,IIIB,1,23.1,37,3,40,Unclassified,2,W337Lfs*63;S1609Efs*36,E545D;E726K,Wild type,Wild type,E221X,Wild type,Wild type,Wild type,Wild type,Wild type,Wild type,Wild type,Wild type,Wild type,Wild type,Wild type,Wild type,2,1.7,0.17,0.5241,0.3597,nGD
OCCC-346,KS,2019/2/25,50,IIIC,0,28.9,159,1,160,APOBEC,1,S617X;R693X,E542K,Wild type,Wild type,Wild type,R2912T,R975H,Wild type,Wild type,Wild type,Wild type,Wild type,Wild type,Wild type,Wild type,Wild type,Wild type,2,2,0.5,0.0751,0.0221,nGD
OCCC-120,LK,2019/10/28,66,IVA,0,16.7,63,10,73,Unclassified,3,Q474Kfs*145,H1047R,Wild type,Wild type,Wild type,F1877Lfs*27,Wild type,Wild type,Wild type,Wild type,Wild type,Wild type,Wild type,Wild type,Wild type,Wild type,Wild type,4,5.1,0.25,0.6485,0.133,GD
OCCC-085,LK,2017/11/15,40,II,0,24.3,19,9,28,Unclassified,1,D1697_S1700delinsVI,E545K,Wild type,Wild type,Wild type,I346Nfs*2,Wild type,Wild type,Wild type,Wild type,Wild type,Wild type,Wild type,Wild type,Wild type,Wild type,Wild type,2,1.9,0.33,0.2841,0.1435,nGD
OCCC-327,KS,2018/4/16,64,IC,0,40.1,54,3,57,Unclassified,1,L1866Rfs*17,R88Q;C901F,Wild type,Wild type,Wild type,Wild type,R1105Q,Wild type,Wild type,Wild type,Wild type,Wild type,Wild type,Wild type,Wild type,Wild type,Wild type,2,2,0.82,0.0801,0.0318,nGD
OCCC-104,LK,2018/6/26,57,IA,0,42.3,48,8,56,Unclassified,1,S733W;Q2209X,E542K,Wild type,Wild type,Wild type,Wild type,(splicing);(splicing),Wild type,Wild type,Wild type,Wild type,Wild type,Wild type,Wild type,Wild type,Wild type,Wild type,2,2,0.62,0.0677,0.0626,nGD
OCCC-105,LK,2018/7/2,66,IIIC,1,11.2,74,8,82,Unclassified,1,Q790Rfs*43,E545K,Wild type,Wild type,Wild type,Wild type,Wild type,Wild type,S1852Lfs*10,Wild type,Wild type,Wild type,Wild type,E46_V51delinsD,Wild type,Wild type,Wild type,2,1.9,0.75,0.024,0.0207,nGD
OCCC-111,LK,2018/9/22,36,IC,0,37.1,23,6,29,Unclassified,1,R1989X,N345K,Wild type,Wild type,Wild type,Wild type,Wild type,Wild type,Q1162Afs*11,Wild type,Wild type,Wild type,Wild type,Wild type,Wild type,Wild type,Wild type,2,2.1,0.75,0.0622,0.0117,nGD
OCCC-066,LK,2017/8/24,51,IIA,0,51.7,27,8,35,Unclassified,1,Q1363X,E545K,Wild type,Wild type,Wild type,Wild type,Wild type,Wild type,Wild type,E1758Pfs*210,Wild type,Wild type,Wild type,Wild type,Wild type,Wild type,Wild type,2,1.8,0.75,0.0122,0.032,nGD
OCCC-160,LK,2020/10/29,47,IA,0,15,42,4,46,Unclassified,1,Y216Qfs*182;Q812X,H1047R,Wild type,Wild type,Wild type,Wild type,Wild type,Wild type,Wild type,Wild type,E1232K,Wild type,Wild type,Wild type,Wild type,Wild type,Wild type,2,2,0.64,0.0535,0.0041,nGD
OCCC-166,LK,2021/1/19,52,IA,0,16.1,46,3,49,Unclassified,1,E2250Kfs*18,K111E,Wild type,Wild type,Wild type,Wild type,Wild type,Wild type,Wild type,Wild type,Wild type,Wild type,Wild type,M117T,Wild type,Wild type,Wild type,2,1.9,0.53,0.0575,0.0136,nGD
OCCC-080,LK,2017/5/25,58,IC,0,54.6,63,8,71,Unclassified,3,Q633Sfs*14;M1564*,N345K,Wild type,Wild type,Wild type,Wild type,Wild type,Wild type,Wild type,Wild type,Wild type,Wild type,Wild type,Wild type,Wild type,Wild type,Wild type,2,3.7,0.8,0.8913,0.0257,GD
OCCC-151,LK,2020/6/9,49,IIA,0,18.9,67,5,72,Unclassified,3,L1971Gfs*27;R2158X,H1047R,Wild type,Wild type,Wild type,Wild type,Wild type,Wild type,Wild type,Wild type,Wild type,Wild type,Wild type,Wild type,Wild type,Wild type,Wild type,4,4.7,0.26,0.6167,0.0634,GD
OCCC-336,KS,2019/10/4,59,IA,0,22.2,64,5,69,Unclassified,1,E1714Dfs*14;K2003X,H1047R,Wild type,Wild type,Wild type,Wild type,Wild type,Wild type,Wild type,Wild type,Wild type,Wild type,Wild type,Wild type,Wild type,Wild type,Wild type,2,1.7,0.4,0.1213,0.1198,nGD
OCCC-106,LK,2018/7/18,47,IIB,0,37.5,59,2,61,Unclassified,1,Q449X,K111E,Wild type,Wild type,Wild type,Wild type,Wild type,Wild type,Wild type,Wild type,Wild type,Wild type,Wild type,Wild type,Wild type,Wild type,Wild type,2,2,0.75,0.0524,0.0203,nGD
OCCC-176,LK,2021/8/3,53,I,0,10.6,54,4,58,Unclassified,3,P598Lfs*21,H1047R,Wild type,Wild type,Wild type,Wild type,Wild type,Wild type,Wild type,Wild type,Wild type,Wild type,Wild type,Wild type,Wild type,Wild type,Wild type,4,4.2,0.32,0.777,0.1781,GD
OCCC-051,LK,2016/3/3,49,IIIB,0,69.9,53,3,56,Unclassified,2,S744X,C420R,Wild type,Wild type,Wild type,Wild type,Wild type,Wild type,Wild type,Wild type,Wild type,Wild type,Wild type,Wild type,Wild type,Wild type,Wild type,4,3.2,0.59,0.6334,0.1003,GD
OCCC-068,LK,2017/10/13,49,IC,0,46,51,5,56,Unclassified,1,Q372Sfs*19,E542K,Wild type,Wild type,Wild type,Wild type,Wild type,Wild type,Wild type,Wild type,Wild type,Wild type,Wild type,Wild type,Wild type,Wild type,Wild type,4,4,0.68,0.2364,0.0549,GD
OCCC-354,KS,2019/5/6,58,IA,0,27.9,47,2,49,Unclassified,1,Q1409X,H1047R,Wild type,Wild type,Wild type,Wild type,Wild type,Wild type,Wild type,Wild type,Wild type,Wild type,Wild type,Wild type,Wild type,Wild type,Wild type,2,2,0.68,0.1208,0.0573,nGD
OCCC-348,KS,2019/1/11,52,IC,0,32.2,44,6,50,Unclassified,2,Q1148X,H1047R,Wild type,Wild type,Wild type,Wild type,Wild type,Wild type,Wild type,Wild type,Wild type,Wild type,Wild type,Wild type,Wild type,Wild type,Wild type,4,2.6,0.28,0.6076,0.5459,GD
OCCC-079,LK,2017/3/27,63,IA,0,57.4,39,7,46,Unclassified,1,N1070Tfs*23;Y1393Tfs*88,E542K,Wild type,Wild type,Wild type,Wild type,Wild type,Wild type,Wild type,Wild type,Wild type,Wild type,Wild type,Wild type,Wild type,Wild type,Wild type,2,2.1,0.64,0.1704,0.0535,nGD
OCCC-117,LK,2019/4/16,49,IC,1,29.4,38,3,41,Unclassified,2,A96*;L1991P,H1047R,Wild type,Wild type,Wild type,Wild type,Wild type,Wild type,Wild type,Wild type,Wild type,Wild type,Wild type,Wild type,Wild type,Wild type,Wild type,4,3.6,0.6,0.3519,0.0671,GD
OCCC-352,KS,2019/8/19,43,IA,0,22.6,40,2,42,Unclassified,2,Q321Gfs*70;E672X,C420R,Wild type,Wild type,Wild type,Wild type,Wild type,Wild type,Wild type,Wild type,Wild type,Wild type,Wild type,Wild type,Wild type,Wild type,Wild type,4,3.9,0.53,0.5752,0.0639,GD
OCCC-351,KS,2019/9/17,42,IA,0,21,32,6,38,Unclassified,1,R1722X;G1849Vfs*47,C420_L422delinsW,Wild type,Wild type,Wild type,Wild type,Wild type,Wild type,Wild type,Wild type,Wild type,Wild type,Wild type,Wild type,Wild type,Wild type,Wild type,2,2.1,0.6,0.1823,0.0484,nGD
OCCC-344,KS,2019/4/9,51,IC,0,27.1,26,3,29,Unclassified,1,Q895Kfs*24;Q1346X,N345K,Wild type,Wild type,Wild type,Wild type,Wild type,Wild type,Wild type,Wild type,Wild type,Wild type,Wild type,Wild type,Wild type,Wild type,Wild type,2,1.9,0.63,0.0925,0.0371,nGD
OCCC-339,KS,2019/7/22,50,IIA,1,24,21,1,22,Unclassified,1,S614X,Q546R,Wild type,Wild type,Wild type,Wild type,Wild type,Wild type,Wild type,Wild type,Wild type,Wild type,Wild type,Wild type,Wild type,Wild type,Wild type,2,1.9,0.32,0.0789,0.0405,nGD
OCCC-130,LK,2019/7/11,39,IA,0,20.2,15,5,20,Unclassified,1,Q449X,H1047R,Wild type,Wild type,Wild type,Wild type,Wild type,Wild type,Wild type,Wild type,Wild type,Wild type,Wild type,Wild type,Wild type,Wild type,Wild type,2,2,0.56,0.0208,0.0459,nGD
OCCC-337,KS,2019/8/15,60,IC,0,23.9,129,4,133,APOBEC,2,S11Afs*91,Wild type,Wild type,Wild type,W146X,Wild type,Wild type,Wild type,Wild type,Wild type,Wild type,Wild type,Wild type,Wild type,Wild type,Wild type,upstream,6,5.4,0.4,0.4694,0.1109,GD
OCCC-174,LK,2021/3/9,58,IA,0,15.3,57,7,64,Unclassified,1,Q372Sfs*19,Wild type,Wild type,Wild type,Wild type,Wild type,Wild type,Wild type,Wild type,Wild type,Wild type,Wild type,Wild type,Wild type,Wild type,Wild type,upstream,2,2,0.8,0.1758,0.1172,nGD
OCCC-121,LK,2019/10/28,46,IA,0,24.2,108,8,116,Unclassified,2,Q1631X,Wild type,G12V,R183W,Wild type,Wild type,V1069L,Wild type,Wild type,Wild type,Wild type,Wild type,Wild type,Wild type,Wild type,Wild type,Wild type,4,3.2,0.68,0.7581,0.2032,GD
OCCC-340,KS,2019/6/10,65,IC,0,26.8,100,23,123,NHEJ,2,E2000X,Wild type,G12D,R183W,Wild type,Wild type,Wild type,Wild type,Wild type,Wild type,Wild type,Wild type,Wild type,Wild type,Wild type,Wild type,Wild type,4,3.2,0.33,0.5788,0.1108,GD
OCCC-334,KS,2018/10/1,68,IA,0,32.3,54,4,58,Unclassified,1,(splicing),Wild type,G12C,Wild type,Wild type,Wild type,E911V,T482Dfs*4;K567_L570delinsN,Wild type,Wild type,Wild type,Wild type,Wild type,Wild type,Wild type,Wild type,Wild type,2,1.9,0.59,0.1307,0.0251,nGD
OCCC-138,LK,2019/9/10,45,IC,0,30.2,29,5,34,Unclassified,2,A165Pfs*229,Wild type,Q61H,Wild type,Wild type,Wild type,Wild type,Wild type,Wild type,Wild type,Wild type,Wild type,Wild type,Wild type,Wild type,Wild type,Wild type,4,3.2,0.64,0.5456,0.1566,GD
OCCC-350,KS,2019/10/30,47,IC,0,21.2,30,8,38,Unclassified,1,Q595X,Wild type,Wild type,S219L,Wild type,Wild type,Wild type,W583Vfs*18,Wild type,Wild type,Wild type,Wild type,Wild type,Wild type,Wild type,Wild type,Wild type,4,4.1,0.68,0.3151,0.0274,GD
OCCC-326,KS,2018/3/14,57,IC,0,40,42,5,47,Unclassified,2,Q1404X,Wild type,Wild type,R183W,Wild type,Wild type,Wild type,Wild type,Wild type,Wild type,Wild type,Wild type,Wild type,Wild type,Wild type,Wild type,Wild type,4,3.6,0.48,0.4633,0.0668,GD
OCCC-175,LK,2021/3/3,58,IC,0,16.8,32,5,37,Unclassified,1,R750Efs*83,Wild type,Wild type,R183W,Wild type,Wild type,Wild type,Wild type,Wild type,Wild type,Wild type,Wild type,Wild type,Wild type,Wild type,Wild type,Wild type,2,2,0.77,0.0812,0.0282,nGD
OCCC-158,LK,2020/9/30,35,IIIB,0,17.7,34,3,37,Unclassified,1,Y447*;A2204Pfs*27,Wild type,Wild type,S256F,Wild type,Wild type,Wild type,Wild type,Wild type,Wild type,Wild type,Wild type,Wild type,Wild type,Wild type,Wild type,Wild type,2,2.2,0.7,0.1394,0.0171,nGD
OCCC-328,KS,2018/5/28,59,IC,0,37.1,28,6,34,Unclassified,3,R1461X,Wild type,Wild type,R183W,Wild type,Wild type,Wild type,Wild type,Wild type,Wild type,Wild type,Wild type,Wild type,Wild type,Wild type,Wild type,Wild type,3,3.5,0.15,0.6628,0.1114,GD
OCCC-109,LK,2018/8/28,37,IA,0,41,32,1,33,Unclassified,3,G2087R,Wild type,Wild type,E216K,Wild type,Wild type,Wild type,Wild type,Wild type,Wild type,Wild type,Wild type,Wild type,Wild type,Wild type,Wild type,Wild type,2,2.2,0.63,0.2372,0.131,nGD
OCCC-107,LK,2018/7/25,69,IC,0,29.4,63,5,68,Unclassified,1,T2063R,Wild type,Wild type,Wild type,R273L,Wild type,Wild type,Wild type,Wild type,Wild type,Wild type,Wild type,Wild type,S80R,Wild type,Wild type,Wild type,3,2.4,0.24,0.5051,0.1465,GD
OCCC-089,LK,2018/5/9,52,IA,0,41.6,64,9,73,Unclassified,2,P1169Hfs*11,Wild type,Wild type,Wild type,Wild type,E1787*;S1924X,Wild type,E451_Y452delinsI,Wild type,Wild type,Wild type,Wild type,Wild type,Wild type,Wild type,Wild type,Wild type,4,3.6,0.73,0.4459,0.0842,GD
OCCC-114,LK,2018/12/4,62,IIIC,1,23.8,41,9,50,Unclassified,1,S103X;E1935X,Wild type,Wild type,Wild type,Wild type,S2408L,Wild type,Wild type,Wild type,Wild type,Wild type,Wild type,Wild type,Wild type,Wild type,Wild type,Wild type,2,1.7,0.75,0.1402,0.1655,nGD
OCCC-314,KS,2017/3/7,48,IC,0,51.8,68,4,72,Unclassified,1,S825Vfs*8;G1254Afs*9,Wild type,Wild type,Wild type,Wild type,Wild type,Wild type,Q455_K459del,Wild type,Wild type,Wild type,Wild type,Wild type,Wild type,Wild type,Wild type,Wild type,2,2,0.52,0.0805,0.0392,nGD
OCCC-078,LK,2017/3/22,59,IC,0,56.5,31,3,34,Unclassified,1,Y1339Mfs*142,Wild type,Wild type,Wild type,Wild type,Wild type,Wild type,D560Y,Wild type,Wild type,Wild type,Wild type,Wild type,Wild type,Wild type,Wild type,Wild type,2,2,0.69,0.1261,0.0662,nGD
OCCC-140,LK,2020/2/5,52,IIIC,0,24.3,36,6,42,Unclassified,1,P279Rfs*117,Wild type,Wild type,Wild type,Wild type,Wild type,Wild type,Wild type,Q1466Rfs*15,Wild type,Wild type,Wild type,Wild type,Wild type,Wild type,Wild type,Wild type,2,2.1,0.32,0.3881,0.0967,nGD
OCCC-324,KS,2018/1/29,58,IC,0,30.4,35,7,42,Unclassified,1,L1706Pfs*21,Wild type,Wild type,Wild type,Wild type,Wild type,Wild type,Wild type,Wild type,G1411V,Wild type,Wild type,Wild type,Wild type,Wild type,Wild type,Wild type,2,2,0.74,0.1092,0.0668,nGD
OCCC-171,LK,2021/4/27,60,IIIA,0,15.8,52,5,57,Unclassified,1,E2250Vfs*27,Wild type,Wild type,Wild type,Wild type,Wild type,Wild type,Wild type,Wild type,Wild type,R1906X,Wild type,Wild type,Wild type,Wild type,Wild type,Wild type,2,2.5,0.65,0.1988,0.1477,nGD
OCCC-153,LK,2020/8/18,40,IA,0,17.1,43,3,46,Unclassified,1,E38X;Q546Rfs*73,Wild type,Wild type,Wild type,Wild type,Wild type,Wild type,Wild type,Wild type,Wild type,Wild type,Wild type,R34G,D77H,Wild type,Wild type,Wild type,4,3.6,0.16,0.6713,0.0462,GD
OCCC-312,KS,2016/11/1,52,IIB,1,22.1,51,7,58,Unclassified,1,S128Afs*265;S674Rfs*68,Wild type,Wild type,Wild type,Wild type,Wild type,Wild type,Wild type,Wild type,Wild type,Wild type,Wild type,Wild type,Wild type,Wild type,Wild type,Wild type,2,1.8,0.47,0.0636,0.0755,nGD
OCCC-349,KS,2019/11/8,70,IIA,0,20.2,44,10,54,Unclassified,2,R2158X,Wild type,Wild type,Wild type,Wild type,Wild type,Wild type,Wild type,Wild type,Wild type,Wild type,Wild type,Wild type,Wild type,Wild type,Wild type,Wild type,4,2.9,0.58,0.7866,0.2728,GD
OCCC-164,LK,2020/12/17,47,IC,0,3.4,48,5,53,Unclassified,3,K990Rfs*49,Wild type,Wild type,Wild type,Wild type,Wild type,Wild type,Wild type,Wild type,Wild type,Wild type,Wild type,Wild type,Wild type,Wild type,Wild type,Wild type,5,5.4,0.39,0.623,0.2232,GD
OCCC-088,LK,2018/4/11,57,IC,0,45.5,44,3,47,Unclassified,2,M1154Wfs*7,Wild type,Wild type,Wild type,Wild type,Wild type,Wild type,Wild type,Wild type,Wild type,Wild type,Wild type,Wild type,Wild type,Wild type,Wild type,Wild type,4,3,0.48,0.6975,0.0251,GD
OCCC-330,KS,2018/8/23,52,IIIA,1,11.9,37,6,43,Unclassified,1,G671Sfs*67,Wild type,Wild type,Wild type,Wild type,Wild type,Wild type,Wild type,Wild type,Wild type,Wild type,Wild type,Wild type,Wild type,Wild type,Wild type,Wild type,2,1.9,0.84,0.1301,0.1458,nGD
OCCC-173,LK,2021/3/30,39,IC,0,11.9,33,3,36,Unclassified,1,L117Qfs*272;M961Sfs*47,Wild type,Wild type,Wild type,Wild type,Wild type,Wild type,Wild type,Wild type,Wild type,Wild type,Wild type,Wild type,Wild type,Wild type,Wild type,Wild type,3,3.2,0.74,0.4321,0.1153,GD
OCCC-126,LK,2019/3/18,41,IA,0,31.8,27,4,31,Unclassified,3,L1680Pfs*9,Wild type,Wild type,Wild type,Wild type,Wild type,Wild type,Wild type,Wild type,Wild type,Wild type,Wild type,Wild type,Wild type,Wild type,Wild type,Wild type,3,2.5,0.2,0.6961,0.4089,GD
OCCC-067,LK,2017/9/27,59,IIA,0,47.7,32,4,36,Unclassified,1,Wild type,N345I,G12D,Wild type,Wild type,Wild type,Wild type,Wild type,Wild type,Wild type,Wild type,T2882S,Wild type,Wild type,Wild type,Wild type,upstream,2,1.6,0.34,0.1427,0.0884,nGD
OCCC-313,KS,2017/3/16,66,IC,0,53.1,83,3,86,Unclassified,1,Wild type,E542K,G12D,Wild type,Wild type,Wild type,Wild type,Wild type,Wild type,Wild type,Wild type,Wild type,Wild type,Wild type,Wild type,Wild type,UTR5,4,4,0.6,0.3097,0.081,GD
OCCC-077,LK,2017/3/17,56,IC,0,57,25,2,27,Unclassified,2,Wild type,E545A,G12V,Wild type,Wild type,Wild type,Wild type,Wild type,Wild type,Wild type,Wild type,Wild type,Wild type,Wild type,Wild type,Wild type,upstream,4,3.9,0.43,0.4107,0.0982,GD
OCCC-139,LK,2019/12/13,34,IIB,0,25.5,39,5,44,Unclassified,1,Wild type,Q546K,Wild type,Wild type,Wild type,Wild type,Wild type,Wild type,Wild type,Wild type,Wild type,Wild type,Wild type,Wild type,Wild type,Wild type,upstream,2,2,0.65,0.1023,0.0515,nGD
OCCC-136,LK,2019/8/12,54,IA,0,31.3,30,4,34,Unclassified,1,Wild type,E542K,Wild type,Wild type,Wild type,Wild type,Wild type,Wild type,Wild type,Wild type,Wild type,Wild type,Wild type,Wild type,Wild type,Wild type,upstream,2,1.9,0.7,0.2316,0.1759,nGD
OCCC-329,KS,2018/7/16,54,IC,0,35.1,33,2,35,Unclassified,1,Wild type,E542K,G13D,Wild type,Wild type,Wild type,Wild type,Wild type,Wild type,Wild type,Wild type,Wild type,G81D,Wild type,Wild type,Wild type,Wild type,2,1.7,0.24,0.0451,0.0021,nGD
OCCC-081,LK,2017/6/8,33,IA,0,53.9,22,2,24,Unclassified,1,Wild type,R357L,G12D,Wild type,Wild type,Wild type,Wild type,Wild type,Wild type,Wild type,Wild type,Wild type,Wild type,Wild type,Wild type,Wild type,Wild type,2,2.1,0.33,0.2406,0.0874,nGD
OCCC-148,LK,2020/3/17,55,IA,0,24.7,45,1,46,Unclassified,1,Wild type,I459V,Wild type,Wild type,R342X,Wild type,Wild type,Wild type,Wild type,Wild type,Wild type,Wild type,Wild type,Wild type,Wild type,Wild type,Wild type,4,4.2,0.51,0.544,0.4347,GD
OCCC-316,KS,2017/5/15,41,IA,0,46.1,41,1,42,Unclassified,1,Wild type,H1047R,Wild type,Wild type,Wild type,Wild type,Wild type,Wild type,Wild type,Wild type,Wild type,Wild type,Wild type,Wild type,Wild type,Wild type,Wild type,2,1.8,0.1,0.1952,0.082,nGD
OCCC-310,KS,2016/9/19,41,IA,0,59.2,22,6,28,Unclassified,1,Wild type,H1047R,Wild type,Wild type,Wild type,Wild type,Wild type,Wild type,Wild type,Wild type,Wild type,Wild type,Wild type,Wild type,Wild type,Wild type,Wild type,2,2.1,0.49,0.1103,0.026,nGD
OCCC-154,LK,2020/8/20,55,IC,1,17.1,27,2,29,Unclassified,1,Wild type,Wild type,G12V,Wild type,Wild type,Wild type,Wild type,D464Y,Wild type,Wild type,Wild type,Wild type,Wild type,Wild type,Wild type,Wild type,upstream,2,2,0.71,0.2719,0.1827,nGD
OCCC-147,LK,2020/2/27,56,IA,0,20.5,37,3,40,Unclassified,1,Wild type,Wild type,G12V,Wild type,Wild type,Wild type,Wild type,Wild type,Wild type,(splicing),Wild type,Wild type,Wild type,Wild type,Wild type,Wild type,upstream,2,2,0.76,0.1311,0.092,nGD
OCCC-071,LK,2017/1/5,56,IC,0,60.3,39,1,40,Unclassified,2,Wild type,Wild type,G12D,Wild type,Wild type,Wild type,Wild type,Wild type,Wild type,Wild type,Wild type,Wild type,Wild type,Wild type,Wild type,Wild type,upstream,4,3.6,0.45,0.6087,0.1449,GD
OCCC-332,KS,2018/8/24,40,IVB,1,8.6,35,1,36,Unclassified,1,Wild type,Wild type,G12D,Wild type,Wild type,Wild type,Wild type,Wild type,Wild type,Wild type,Wild type,Wild type,Wild type,Wild type,Wild type,Wild type,UTR5,2,1.9,0.5,0.2311,0.1798,nGD
OCCC-124,LK,2019/1/16,49,IIIC,0,32.4,37,2,39,Unclassified,3,Wild type,Wild type,Wild type,Wild type,(splicing),Wild type,Wild type,Wild type,Wild type,Wild type,Wild type,Wild type,Wild type,Wild type,Wild type,Wild type,upstream,2,2.1,0.11,0.432,0.1614,nGD
OCCC-103,LK,2018/6/22,52,IA,1,39.3,40,4,44,Unclassified,1,Wild type,Wild type,Wild type,Wild type,Wild type,Wild type,N1113H,Wild type,Wild type,Wild type,Wild type,Wild type,Wild type,Wild type,Wild type,Wild type,upstream,2,1.9,0.62,0.1818,0.0893,nGD
OCCC-082,LK,2017/6/29,37,IA,0,0.9,26,1,27,Unclassified,1,Wild type,Wild type,Wild type,Wild type,Wild type,Wild type,Wild type,Wild type,Wild type,Wild type,Wild type,Wild type,V32G,Wild type,Wild type,Wild type,upstream,2,1.9,0.59,0.0596,0.0633,nGD
OCCC-086,LK,2017/11/17,48,IA,0,45.4,100,3,103,Unclassified,2,Wild type,Wild type,Wild type,Wild type,Wild type,Wild type,Wild type,Wild type,Wild type,Wild type,Wild type,Wild type,Wild type,Wild type,Wild type,Wild type,UTR5,4,2.7,0.53,0.5548,0.0868,GD
OCCC-341,KS,2019/5/30,41,IA,0,23.9,54,9,63,Unclassified,1,Wild type,Wild type,Wild type,Wild type,Wild type,Wild type,Wild type,Wild type,Wild type,Wild type,Wild type,Wild type,Wild type,Wild type,Wild type,Wild type,upstream,6,6,0.43,0.4628,0.0365,GD
OCCC-319,KS,2017/10/23,28,IV,0,46.7,57,4,61,Unclassified,1,Wild type,Wild type,Wild type,Wild type,Wild type,Wild type,Wild type,Wild type,Wild type,Wild type,Wild type,Wild type,Wild type,Wild type,Wild type,Wild type,upstream,2,1.9,0.57,0.3613,0.2753,nGD
OCCC-097,LK,2018/1/31,53,IA,0,44.6,41,1,42,Unclassified,2,Wild type,Wild type,Wild type,Wild type,Wild type,Wild type,Wild type,Wild type,Wild type,Wild type,Wild type,Wild type,Wild type,Wild type,Wild type,Wild type,upstream,4,2.6,0.56,0.5468,0.0814,GD
OCCC-347,KS,2019/1/24,62,IIIA,0,28.8,40,3,43,Unclassified,2,Wild type,Wild type,Wild type,Wild type,Wild type,Wild type,Wild type,Wild type,Wild type,Wild type,Wild type,Wild type,Wild type,Wild type,Wild type,Wild type,UTR5,4,3.8,0.69,0.5176,0.0315,GD
OCCC-343,KS,2019/5/14,25,IA,0,26.3,33,4,37,Unclassified,3,Wild type,Wild type,Wild type,Wild type,Wild type,Wild type,Wild type,Wild type,Wild type,Wild type,Wild type,Wild type,Wild type,Wild type,Wild type,Wild type,upstream,2,2.3,0.26,0.576,0.509,nGD
OCCC-320,KS,2017/9/4,38,IC,0,46.9,22,3,25,Unclassified,1,Wild type,Wild type,Wild type,Wild type,Wild type,Wild type,Wild type,Wild type,Wild type,Wild type,Wild type,Wild type,Wild type,Wild type,Wild type,Wild type,upstream,2,2.3,0.82,0.2446,0.0352,nGD
OCCC-134,LK,2019/8/2,58,IA,0,30.7,24,1,25,Unclassified,1,Wild type,Wild type,Wild type,Wild type,Wild type,Wild type,Wild type,Wild type,Wild type,Wild type,Wild type,Wild type,Wild type,Wild type,Wild type,Wild type,UTR5,2,1.7,0.54,0.1705,0.1214,nGD
OCCC-301,KS,2016/3/14,62,IIB,0,63.8,39,4,43,Unclassified,1,Wild type,Wild type,G12V,S256F,Wild type,Wild type,Wild type,Wild type,Wild type,Wild type,Wild type,Wild type,Wild type,Wild type,Wild type,Wild type,Wild type,2,1.9,0.67,0.1418,0.1192,nGD
OCCC-317,KS,2017/7/4,51,IC,0,46.8,25,3,28,Unclassified,1,Wild type,Wild type,Wild type,R183W,Wild type,Wild type,Wild type,Wild type,Wild type,Wild type,Wild type,Wild type,Wild type,Wild type,Wild type,Wild type,Wild type,2,1.8,0.32,0.1785,0.1297,nGD
OCCC-132,LK,2019/7/17,79,IC,0,25.3,138,14,152,HRD,1,Wild type,Wild type,Wild type,Wild type,S90Lfs*59,Wild type,Wild type,Wild type,Wild type,Wild type,Wild type,G12681_S12682insT,Wild type,Wild type,Wild type,Wild type,Wild type,2,1.9,0.75,0.4495,0.4222,nGD
OCCC-165,LK,2020/12/23,67,IC,0,12.5,56,6,62,Unclassified,1,Wild type,Wild type,Wild type,Wild type,(splicing),Wild type,Wild type,Wild type,Wild type,Wild type,Wild type,S2664C,Wild type,Wild type,Wild type,Wild type,Wild type,2,1.8,0.47,0.2049,0.1464,nGD
OCCC-070,LK,2017/12/22,53,IIIC,1,19.3,60,5,65,Unclassified,2,Wild type,Wild type,Wild type,Wild type,Y220C,Wild type,Wild type,Wild type,Wild type,Wild type,Wild type,Wild type,Wild type,Wild type,Wild type,Wild type,Wild type,4,3.7,0.51,0.376,0.2129,GD
OCCC-128,LK,2019/5/7,43,IC,0,31.5,328,6,334,APOBEC,3,Wild type,Wild type,Wild type,Wild type,Wild type,Wild type,Wild type,Wild type,S57W;Q254E,Wild type,Wild type,E10473D,E55Q,Wild type,Wild type,Wild type,Wild type,2,2.1,0.17,0.5096,0.2159,nGD
OCCC-116,LK,2019/4/15,50,I,0,30.4,84,4,88,Unclassified,2,Wild type,Wild type,Wild type,Wild type,Wild type,Wild type,Wild type,Wild type,Wild type,E1766Pfs*197,Wild type,Wild type,Wild type,Wild type,Wild type,Wild type,Wild type,4,4.2,0.54,0.5253,0.0396,GD
OCCC-100,LK,2018/4/11,54,IA,0,27.6,47,7,54,Unclassified,2,Wild type,Wild type,Wild type,Wild type,Wild type,Wild type,Wild type,Wild type,Wild type,Wild type,Wild type,Wild type,Wild type,M117V,Wild type,Wild type,Wild type,4,3.6,0.81,0.6007,0.0931,GD
OCCC-095,LK,2018/12/12,56,IV,0,36.1,80,14,94,HRD,3,Wild type,Wild type,Wild type,Wild type,Wild type,Wild type,Wild type,Wild type,Wild type,Wild type,Wild type,Wild type,Wild type,Wild type,Wild type,Wild type,Wild type,2,2.1,0.36,0.3879,0.3211,GD
OCCC-101,LK,2018/4/26,63,IC,0,5.3,39,9,48,Unclassified,1,Wild type,Wild type,Wild type,Wild type,Wild type,Wild type,Wild type,Wild type,Wild type,Wild type,Wild type,Wild type,Wild type,Wild type,Wild type,Wild type,Wild type,2,2,0.65,0.1798,0.1003,nGD
OCCC-323,KS,2018/6/27,66,IIIB,0,29.9,3,0,3,Unclassified,1,Wild type,Wild type,Wild type,Wild type,Wild type,Wild type,Wild type,Wild type,Wild type,Wild type,Wild type,Wild type,Wild type,Wild type,Wild type,Wild type,Wild type,2,1.7,0.1,0.0116,0.0017,nGD
